-- MySQL dump 10.13  Distrib 5.7.30, for Linux (x86_64)
--
-- Host: 0.0.0.0    Database: genremovies
-- ------------------------------------------------------
-- Server version	5.7.30

/*!40101 SET @OLD_CHARACTER_SET_CLIENT=@@CHARACTER_SET_CLIENT */;
/*!40101 SET @OLD_CHARACTER_SET_RESULTS=@@CHARACTER_SET_RESULTS */;
/*!40101 SET @OLD_COLLATION_CONNECTION=@@COLLATION_CONNECTION */;
/*!40101 SET NAMES utf8 */;
/*!40103 SET @OLD_TIME_ZONE=@@TIME_ZONE */;
/*!40103 SET TIME_ZONE='+00:00' */;
/*!40014 SET @OLD_UNIQUE_CHECKS=@@UNIQUE_CHECKS, UNIQUE_CHECKS=0 */;
/*!40014 SET @OLD_FOREIGN_KEY_CHECKS=@@FOREIGN_KEY_CHECKS, FOREIGN_KEY_CHECKS=0 */;
/*!40101 SET @OLD_SQL_MODE=@@SQL_MODE, SQL_MODE='NO_AUTO_VALUE_ON_ZERO' */;
/*!40111 SET @OLD_SQL_NOTES=@@SQL_NOTES, SQL_NOTES=0 */;

--
-- Table structure for table `channels`
--

DROP TABLE IF EXISTS `channels`;
/*!40101 SET @saved_cs_client     = @@character_set_client */;
/*!40101 SET character_set_client = utf8 */;
CREATE TABLE `channels` (
  `id` int(11) NOT NULL AUTO_INCREMENT,
  `name` varchar(32) DEFAULT NULL,
  PRIMARY KEY (`id`)
) ENGINE=InnoDB AUTO_INCREMENT=401 DEFAULT CHARSET=latin1;
/*!40101 SET character_set_client = @saved_cs_client */;

--
-- Dumping data for table `channels`
--

LOCK TABLES `channels` WRITE;
/*!40000 ALTER TABLE `channels` DISABLE KEYS */;
INSERT INTO `channels` (`id`, `name`) VALUES (1,'537'),(2,'1285'),(3,'602'),(4,'029'),(5,'181'),(6,'066'),(7,'101'),(8,'037'),(9,'122'),(10,'086'),(11,'110'),(12,'069'),(13,'116'),(14,'598'),(15,'062'),(16,'167'),(17,'1248'),(18,'583'),(19,'620'),(20,'552'),(21,'890'),(22,'979'),(23,'984'),(24,'538'),(25,'973'),(26,'050'),(27,'117'),(28,'936'),(29,'609'),(30,'581'),(31,'542'),(32,'661'),(33,'524'),(34,'083'),(35,'632'),(36,'556'),(37,'572'),(38,'554'),(39,'063'),(40,'105'),(41,'512'),(42,'067'),(43,'103'),(44,'532'),(45,'980'),(46,'972'),(47,'533'),(48,'603'),(49,'622'),(50,'541'),(51,'539'),(52,'070'),(53,'293'),(54,'511'),(55,'983'),(56,'918'),(57,'595'),(58,'640'),(59,'633'),(60,'621'),(61,'606'),(62,'518'),(63,'514'),(64,'534'),(65,'971'),(66,'038'),(67,'118'),(68,'058'),(69,'111'),(70,'091'),(71,'109'),(72,'536'),(73,'068'),(74,'108'),(75,'531'),(76,'521'),(77,'571'),(78,'555'),(79,'584'),(80,'557'),(81,'585'),(82,'623'),(83,'582'),(84,'535'),(85,'064'),(86,'631'),(87,'520'),(88,'599'),(89,'597'),(90,'982'),(91,'519'),(92,'608'),(93,'1532'),(94,'522'),(95,'076'),(96,'630'),(97,'039'),(98,'123'),(99,'051'),(100,'629'),(101,'026'),(102,'170'),(103,'185'),(104,'985'),(105,'842'),(106,'586'),(107,'604'),(108,'119'),(109,'540'),(110,'558'),(111,'515'),(112,'523'),(113,'596'),(114,'553'),(115,'516'),(116,'607'),(117,'602'),(118,'537'),(119,'538'),(120,'890'),(121,'984'),(122,'583'),(123,'622'),(124,'037'),(125,'122'),(126,'182'),(127,'558'),(128,'973'),(129,'936'),(130,'972'),(131,'541'),(132,'598'),(133,'620'),(134,'983'),(135,'552'),(136,'533'),(137,'512'),(138,'514'),(139,'542'),(140,'609'),(141,'606'),(142,'521'),(143,'1533'),(144,'539'),(145,'532'),(146,'572'),(147,'811'),(148,'1240'),(149,'069'),(150,'116'),(151,'603'),(152,'534'),(153,'062'),(154,'167'),(155,'556'),(156,'982'),(157,'536'),(158,'531'),(159,'083'),(160,'632'),(161,'554'),(162,'066'),(163,'101'),(164,'584'),(165,'582'),(166,'623'),(167,'571'),(168,'555'),(169,'585'),(170,'557'),(171,'640'),(172,'608'),(173,'535'),(174,'971'),(175,'091'),(176,'109'),(177,'1533'),(178,'068'),(179,'108'),(180,'070'),(181,'293'),(182,'063'),(183,'105'),(184,'595'),(185,'633'),(186,'058'),(187,'111'),(188,'522'),(189,'599'),(190,'586'),(191,'523'),(192,'050'),(193,'117'),(194,'979'),(195,'597'),(196,'604'),(197,'621'),(198,'038'),(199,'118'),(200,'515'),(201,'980'),(202,'524'),(203,'538'),(204,'516'),(205,'583'),(206,'064'),(207,'631'),(208,'029'),(209,'181'),(210,'513'),(211,'553'),(212,'076'),(213,'630'),(214,'972'),(215,'519'),(216,'039'),(217,'123'),(218,'051'),(219,'629'),(220,'026'),(221,'170'),(222,'984'),(223,'983'),(224,'985'),(225,'1248'),(226,'537'),(227,'517'),(228,'540'),(229,'558'),(230,'541'),(231,'890'),(232,'518'),(233,'602'),(234,'622'),(235,'982'),(236,'596'),(237,'620'),(238,'514'),(239,'521'),(240,'542'),(241,'534'),(242,'552'),(243,'539'),(244,'037'),(245,'122'),(246,'572'),(247,'086'),(248,'110'),(249,'533'),(250,'512'),(251,'598'),(252,'532'),(253,'623'),(254,'119'),(255,'608'),(256,'536'),(257,'531'),(258,'973'),(259,'603'),(260,'584'),(261,'041'),(262,'258'),(263,'606'),(264,'1532'),(265,'182'),(266,'083'),(267,'632'),(268,'556'),(269,'1539'),(270,'571'),(271,'555'),(272,'640'),(273,'557'),(274,'522'),(275,'849'),(276,'065'),(277,'104'),(278,'582'),(279,'535'),(280,'511'),(281,'599'),(282,'971'),(283,'585'),(284,'523'),(285,'609'),(286,'979'),(287,'983'),(288,'062'),(289,'167'),(290,'621'),(291,'059'),(292,'113'),(293,'661'),(294,'068'),(295,'108'),(296,'554'),(297,'516'),(298,'063'),(299,'105'),(300,'069'),(301,'116'),(302,'980'),(303,'985'),(304,'586'),(305,'890'),(306,'984'),(307,'583'),(308,'038'),(309,'118'),(310,'070'),(311,'293'),(312,'515'),(313,'541'),(314,'519'),(315,'050'),(316,'117'),(317,'521'),(318,'537'),(319,'514'),(320,'633'),(321,'972'),(322,'595'),(323,'597'),(324,'091'),(325,'109'),(326,'553'),(327,'540'),(328,'558'),(329,'076'),(330,'630'),(331,'039'),(332,'123'),(333,'051'),(334,'629'),(335,'080'),(336,'173'),(337,'026'),(338,'170'),(339,'542'),(340,'982'),(341,'538'),(342,'539'),(343,'532'),(344,'622'),(345,'064'),(346,'631'),(347,'513'),(348,'604'),(349,'620'),(350,'534'),(351,'058'),(352,'111'),(353,'037'),(354,'122'),(355,'556'),(356,'596'),(357,'571'),(358,'640'),(359,'651'),(360,'660'),(361,'552'),(362,'585'),(363,'603'),(364,'512'),(365,'066'),(366,'101'),(367,'584'),(368,'1248'),(369,'083'),(370,'632'),(371,'522'),(372,'623'),(373,'533'),(374,'599'),(375,'535'),(376,'598'),(377,'973'),(378,'523'),(379,'602'),(380,'582'),(381,'041'),(382,'258'),(383,'079'),(384,'461'),(385,'536'),(386,'531'),(387,'520'),(388,'572'),(389,'555'),(390,'606'),(391,'524'),(392,'465'),(393,'979'),(394,'983'),(395,'065'),(396,'104'),(397,'557'),(398,'516'),(399,'583'),(400,'609');
/*!40000 ALTER TABLE `channels` ENABLE KEYS */;
UNLOCK TABLES;

--
-- Table structure for table `genres`
--

DROP TABLE IF EXISTS `genres`;
/*!40101 SET @saved_cs_client     = @@character_set_client */;
/*!40101 SET character_set_client = utf8 */;
CREATE TABLE `genres` (
  `id` int(11) NOT NULL AUTO_INCREMENT,
  `name` varchar(32) DEFAULT NULL,
  PRIMARY KEY (`id`)
) ENGINE=InnoDB AUTO_INCREMENT=28 DEFAULT CHARSET=latin1;
/*!40101 SET character_set_client = @saved_cs_client */;

--
-- Dumping data for table `genres`
--

LOCK TABLES `genres` WRITE;
/*!40000 ALTER TABLE `genres` DISABLE KEYS */;
INSERT INTO `genres` (`id`, `name`) VALUES (1,'Documentary'),(2,'Comedy'),(3,'Fantasy'),(4,'Children'),(5,'Holiday'),(6,'Biography'),(7,'Drama'),(8,'Action'),(9,'Science fiction'),(10,'Thriller'),(11,'Adventure'),(12,'Animated'),(13,'Horror'),(14,'Romantic comedy'),(15,'Western'),(16,'Musical comedy'),(17,'Crime drama'),(18,'Historical drama'),(19,'War'),(20,'Romance'),(21,'Comedy drama'),(22,'Mystery'),(23,'Martial arts'),(24,'Dark comedy'),(25,'Musical'),(26,'Music'),(27,'Country');
/*!40000 ALTER TABLE `genres` ENABLE KEYS */;
UNLOCK TABLES;

--
-- Table structure for table `theatre_movie_genre_association`
--

DROP TABLE IF EXISTS `theatre_movie_genre_association`;
/*!40101 SET @saved_cs_client     = @@character_set_client */;
/*!40101 SET character_set_client = utf8 */;
CREATE TABLE `theatre_movie_genre_association` (
  `movie_id` int(11) DEFAULT NULL,
  `genre_id` int(11) DEFAULT NULL,
  KEY `movie_id` (`movie_id`),
  KEY `genre_id` (`genre_id`),
  CONSTRAINT `theatre_movie_genre_association_ibfk_1` FOREIGN KEY (`movie_id`) REFERENCES `theatre_movies` (`id`),
  CONSTRAINT `theatre_movie_genre_association_ibfk_2` FOREIGN KEY (`genre_id`) REFERENCES `genres` (`id`)
) ENGINE=InnoDB DEFAULT CHARSET=latin1;
/*!40101 SET character_set_client = @saved_cs_client */;

--
-- Dumping data for table `theatre_movie_genre_association`
--

LOCK TABLES `theatre_movie_genre_association` WRITE;
/*!40000 ALTER TABLE `theatre_movie_genre_association` DISABLE KEYS */;
INSERT INTO `theatre_movie_genre_association` (`movie_id`, `genre_id`) VALUES (1,1),(2,1),(3,2),(3,3),(3,4),(3,5),(4,2),(4,5),(5,6),(5,7),(6,8),(6,9),(6,10),(7,2),(7,11),(7,12),(7,4),(8,13),(8,2),(9,14),(9,5),(10,13),(10,9),(11,9),(11,11),(11,4),(12,2),(12,13),(13,2),(13,11),(13,12),(13,4),(14,2),(15,10),(15,13),(16,8),(16,10),(17,10),(17,15),(18,8),(18,10),(19,13),(19,10),(20,16),(20,11),(20,3),(20,12),(20,4),(21,11),(21,8),(21,9),(21,10),(22,7),(23,2),(23,4),(23,5),(24,17),(24,6);
/*!40000 ALTER TABLE `theatre_movie_genre_association` ENABLE KEYS */;
UNLOCK TABLES;

--
-- Table structure for table `theatre_movie_theatre_association`
--

DROP TABLE IF EXISTS `theatre_movie_theatre_association`;
/*!40101 SET @saved_cs_client     = @@character_set_client */;
/*!40101 SET character_set_client = utf8 */;
CREATE TABLE `theatre_movie_theatre_association` (
  `movie_id` int(11) DEFAULT NULL,
  `theatre_id` int(11) DEFAULT NULL,
  KEY `movie_id` (`movie_id`),
  KEY `theatre_id` (`theatre_id`),
  CONSTRAINT `theatre_movie_theatre_association_ibfk_1` FOREIGN KEY (`movie_id`) REFERENCES `theatre_movies` (`id`),
  CONSTRAINT `theatre_movie_theatre_association_ibfk_2` FOREIGN KEY (`theatre_id`) REFERENCES `theatres` (`id`)
) ENGINE=InnoDB DEFAULT CHARSET=latin1;
/*!40101 SET character_set_client = @saved_cs_client */;

--
-- Dumping data for table `theatre_movie_theatre_association`
--

LOCK TABLES `theatre_movie_theatre_association` WRITE;
/*!40000 ALTER TABLE `theatre_movie_theatre_association` DISABLE KEYS */;
INSERT INTO `theatre_movie_theatre_association` (`movie_id`, `theatre_id`) VALUES (1,1),(1,2),(2,3),(3,4),(3,5),(3,6),(3,7),(3,8),(3,9),(3,10),(4,11),(4,12),(4,13),(4,14),(4,15),(4,16),(4,17),(4,18),(4,19),(5,20),(5,21),(5,22),(5,23),(6,24),(6,25),(6,26),(6,27),(6,28),(6,29),(6,30),(6,31),(7,32),(7,33),(7,34),(7,35),(7,36),(7,37),(7,38),(7,39),(7,40),(7,41),(7,42),(7,43),(7,44),(7,45),(7,46),(7,47),(7,48),(7,49),(7,50),(7,51),(7,52),(7,53),(7,54),(7,55),(7,56),(7,57),(7,58),(7,59),(7,60),(8,61),(8,62),(8,63),(8,64),(8,65),(8,66),(8,67),(8,68),(8,69),(8,70),(8,71),(8,72),(9,73),(9,74),(10,75),(11,76),(12,77),(13,78),(13,79),(13,80),(13,81),(14,82),(14,83),(14,84),(14,85),(15,86),(15,87),(16,88),(17,89),(17,90),(17,91),(18,92),(18,93),(18,94),(18,95),(18,96),(18,97),(18,98),(19,99),(19,100),(19,101),(19,102),(19,103),(20,104),(20,105),(20,106),(21,107),(21,108),(22,109),(22,110),(22,111),(23,112),(23,113),(24,114),(25,115);
/*!40000 ALTER TABLE `theatre_movie_theatre_association` ENABLE KEYS */;
UNLOCK TABLES;

--
-- Table structure for table `theatre_movies`
--

DROP TABLE IF EXISTS `theatre_movies`;
/*!40101 SET @saved_cs_client     = @@character_set_client */;
/*!40101 SET character_set_client = utf8 */;
CREATE TABLE `theatre_movies` (
  `id` int(11) NOT NULL AUTO_INCREMENT,
  `title` varchar(100) NOT NULL,
  `releaseYear` varchar(4) DEFAULT NULL,
  `description` varchar(200) DEFAULT NULL,
  PRIMARY KEY (`id`)
) ENGINE=InnoDB AUTO_INCREMENT=26 DEFAULT CHARSET=latin1;
/*!40101 SET character_set_client = @saved_cs_client */;

--
-- Dumping data for table `theatre_movies`
--

LOCK TABLES `theatre_movies` WRITE;
/*!40000 ALTER TABLE `theatre_movies` DISABLE KEYS */;
INSERT INTO `theatre_movies` (`id`, `title`, `releaseYear`, `description`) VALUES (1,'Turtle Odyssey','2018','The unique life cycle of an Australian green sea turtle and its journey across the open ocean.'),(2,'Into America\'s Wild','2020','Filmmaker Greg MacGillivray explores some of the most beautiful landscapes in North America.'),(3,'Elf','2003','A man (Will Ferrell) leaves Santa\'s workshop to search for his family.'),(4,'National Lampoon\'s Christmas Vacation','1989','The Griswolds (Chevy Chase, Beverly D\'Angelo) spend the holiday in a garish way.'),(5,'Mank','2020','Alcoholic screenwriter Herman J. Mankiewicz races to finish \"Citizen Kane.\"'),(6,'Tenet','2020','A secret agent embarks on a dangerous, time-bending mission to prevent the start of World War III.'),(7,'The Croods: A New Age','2020','The prehistoric Crood family must learn to live with an advanced clan in an idyllic paradise.'),(8,'Freaky','2020','A mystical dagger causes a serial killer to magically switch bodies with a 17-year-old girl.'),(9,'Love Actually','2003','Various people (Hugh Grant, Laura Linney, Colin Firth) deal with relationships in London.'),(10,'The Thing','1982','Antarctic outpost men fight a slimy alien able to assume the form of life it engulfs.'),(11,'E.T. the Extra-Terrestrial','1982','A suburban California boy (Henry Thomas) befriends a harmless, homesick alien stranded on Earth.'),(12,'Shaun of the Dead','2004','An aimless TV salesman (Simon Pegg) and his friend battle zombies.'),(13,'The Croods: A New Age -- The IMAX 2D Experience','2020','The prehistoric Crood family must learn to live with an advanced clan in an idyllic paradise.'),(14,'The War With Grandpa','2020','A scheming boy devises a series of outrageous pranks to win back his room from his grandfather.'),(15,'Frozen','2010','A ski resort shuts down for the night, accidentally stranding three people on a chairlift.'),(16,'Honest Thief','2020','A professional bank robber goes on the run to clear his name and bring two crooked cops to justice.'),(17,'Let Him Go','2020','An ex-sheriff and his wife must rescue their grandson from a dangerous family living off the grid.'),(18,'Vanguard','2020','Members of a covert security company try to protect an accountant from deadly mercenaries.'),(19,'Come Play','2020','A mysterious creature uses a lonely boy\'s electronic devices to break into our world.'),(20,'Frozen','2013','A fearless princess and a mountaineer set out to free their kingdom from eternal winter.'),(21,'Jurassic Park','1993','Scientists (Sam Neill, Laura Dern, Jeff Goldblum) visit a park of DNA-regenerated dinosaurs.'),(22,'The Last Vermeer','2019','A soldier investigates a renowned Dutch artist who is accused of conspiring with the Nazis.'),(23,'The Santa Clause','1994','An adman takes over for the bearded, big-bellied fellow after a rooftop mishap on Christmas Eve.'),(24,'American Gangster','2007','A chauffeur (Denzel Washington) rises to prominence as the most-powerful crime boss in 1970s Harlem.'),(25,'No Films Showing Today','','');
/*!40000 ALTER TABLE `theatre_movies` ENABLE KEYS */;
UNLOCK TABLES;

--
-- Table structure for table `theatres`
--

DROP TABLE IF EXISTS `theatres`;
/*!40101 SET @saved_cs_client     = @@character_set_client */;
/*!40101 SET character_set_client = utf8 */;
CREATE TABLE `theatres` (
  `id` int(11) NOT NULL AUTO_INCREMENT,
  `theatre_id` varchar(32) DEFAULT NULL,
  `name` varchar(200) DEFAULT NULL,
  PRIMARY KEY (`id`)
) ENGINE=InnoDB AUTO_INCREMENT=116 DEFAULT CHARSET=latin1;
/*!40101 SET character_set_client = @saved_cs_client */;

--
-- Dumping data for table `theatres`
--

LOCK TABLES `theatres` WRITE;
/*!40000 ALTER TABLE `theatres` DISABLE KEYS */;
INSERT INTO `theatres` (`id`, `theatre_id`, `name`) VALUES (1,'4604','Bullock Museum Spirit Theater'),(2,'4604','Bullock Museum Spirit Theater'),(3,'4604','Bullock Museum Spirit Theater'),(4,'5084','Alamo Drafthouse South Lamar'),(5,'5084','Alamo Drafthouse South Lamar'),(6,'5084','Alamo Drafthouse South Lamar'),(7,'5084','Alamo Drafthouse South Lamar'),(8,'8749','Galaxy Highland'),(9,'8749','Galaxy Highland'),(10,'8749','Galaxy Highland'),(11,'5084','Alamo Drafthouse South Lamar'),(12,'5084','Alamo Drafthouse South Lamar'),(13,'5084','Alamo Drafthouse South Lamar'),(14,'5084','Alamo Drafthouse South Lamar'),(15,'5084','Alamo Drafthouse South Lamar'),(16,'5084','Alamo Drafthouse South Lamar'),(17,'5084','Alamo Drafthouse South Lamar'),(18,'5084','Alamo Drafthouse South Lamar'),(19,'5084','Alamo Drafthouse South Lamar'),(20,'5084','Alamo Drafthouse South Lamar'),(21,'5084','Alamo Drafthouse South Lamar'),(22,'5084','Alamo Drafthouse South Lamar'),(23,'5084','Alamo Drafthouse South Lamar'),(24,'5084','Alamo Drafthouse South Lamar'),(25,'5084','Alamo Drafthouse South Lamar'),(26,'5084','Alamo Drafthouse South Lamar'),(27,'5084','Alamo Drafthouse South Lamar'),(28,'5084','Alamo Drafthouse South Lamar'),(29,'5320','AMC Barton Creek Square 14'),(30,'5320','AMC Barton Creek Square 14'),(31,'5320','AMC Barton Creek Square 14'),(32,'5084','Alamo Drafthouse South Lamar'),(33,'5084','Alamo Drafthouse South Lamar'),(34,'5084','Alamo Drafthouse South Lamar'),(35,'5084','Alamo Drafthouse South Lamar'),(36,'5084','Alamo Drafthouse South Lamar'),(37,'5320','AMC Barton Creek Square 14'),(38,'5320','AMC Barton Creek Square 14'),(39,'5320','AMC Barton Creek Square 14'),(40,'5320','AMC Barton Creek Square 14'),(41,'5320','AMC Barton Creek Square 14'),(42,'5320','AMC Barton Creek Square 14'),(43,'5320','AMC Barton Creek Square 14'),(44,'5320','AMC Barton Creek Square 14'),(45,'5320','AMC Barton Creek Square 14'),(46,'5320','AMC Barton Creek Square 14'),(47,'5320','AMC Barton Creek Square 14'),(48,'5320','AMC Barton Creek Square 14'),(49,'5320','AMC Barton Creek Square 14'),(50,'8749','Galaxy Highland'),(51,'8749','Galaxy Highland'),(52,'8749','Galaxy Highland'),(53,'8749','Galaxy Highland'),(54,'8749','Galaxy Highland'),(55,'8749','Galaxy Highland'),(56,'8749','Galaxy Highland'),(57,'8749','Galaxy Highland'),(58,'8749','Galaxy Highland'),(59,'8749','Galaxy Highland'),(60,'8749','Galaxy Highland'),(61,'5084','Alamo Drafthouse South Lamar'),(62,'5084','Alamo Drafthouse South Lamar'),(63,'5084','Alamo Drafthouse South Lamar'),(64,'5084','Alamo Drafthouse South Lamar'),(65,'5320','AMC Barton Creek Square 14'),(66,'5320','AMC Barton Creek Square 14'),(67,'5320','AMC Barton Creek Square 14'),(68,'5320','AMC Barton Creek Square 14'),(69,'8749','Galaxy Highland'),(70,'8749','Galaxy Highland'),(71,'8749','Galaxy Highland'),(72,'8749','Galaxy Highland'),(73,'5084','Alamo Drafthouse South Lamar'),(74,'5084','Alamo Drafthouse South Lamar'),(75,'5084','Alamo Drafthouse South Lamar'),(76,'5084','Alamo Drafthouse South Lamar'),(77,'5084','Alamo Drafthouse South Lamar'),(78,'5320','AMC Barton Creek Square 14'),(79,'5320','AMC Barton Creek Square 14'),(80,'5320','AMC Barton Creek Square 14'),(81,'5320','AMC Barton Creek Square 14'),(82,'5320','AMC Barton Creek Square 14'),(83,'5320','AMC Barton Creek Square 14'),(84,'5320','AMC Barton Creek Square 14'),(85,'5320','AMC Barton Creek Square 14'),(86,'5320','AMC Barton Creek Square 14'),(87,'5320','AMC Barton Creek Square 14'),(88,'5320','AMC Barton Creek Square 14'),(89,'5320','AMC Barton Creek Square 14'),(90,'5320','AMC Barton Creek Square 14'),(91,'5320','AMC Barton Creek Square 14'),(92,'5320','AMC Barton Creek Square 14'),(93,'5320','AMC Barton Creek Square 14'),(94,'5320','AMC Barton Creek Square 14'),(95,'8749','Galaxy Highland'),(96,'8749','Galaxy Highland'),(97,'8749','Galaxy Highland'),(98,'8749','Galaxy Highland'),(99,'5320','AMC Barton Creek Square 14'),(100,'5320','AMC Barton Creek Square 14'),(101,'5320','AMC Barton Creek Square 14'),(102,'8749','Galaxy Highland'),(103,'8749','Galaxy Highland'),(104,'8749','Galaxy Highland'),(105,'8749','Galaxy Highland'),(106,'8749','Galaxy Highland'),(107,'8749','Galaxy Highland'),(108,'8749','Galaxy Highland'),(109,'8749','Galaxy Highland'),(110,'8749','Galaxy Highland'),(111,'8749','Galaxy Highland'),(112,'8749','Galaxy Highland'),(113,'8749','Galaxy Highland'),(114,'8749','Galaxy Highland'),(115,'8298','Regal Westgate Stadium 11');
/*!40000 ALTER TABLE `theatres` ENABLE KEYS */;
UNLOCK TABLES;

--
-- Table structure for table `tv_movie_channel_association`
--

DROP TABLE IF EXISTS `tv_movie_channel_association`;
/*!40101 SET @saved_cs_client     = @@character_set_client */;
/*!40101 SET character_set_client = utf8 */;
CREATE TABLE `tv_movie_channel_association` (
  `movie_id` int(11) DEFAULT NULL,
  `channel_id` int(11) DEFAULT NULL,
  KEY `movie_id` (`movie_id`),
  KEY `channel_id` (`channel_id`),
  CONSTRAINT `tv_movie_channel_association_ibfk_1` FOREIGN KEY (`movie_id`) REFERENCES `tv_movies` (`id`),
  CONSTRAINT `tv_movie_channel_association_ibfk_2` FOREIGN KEY (`channel_id`) REFERENCES `channels` (`id`)
) ENGINE=InnoDB DEFAULT CHARSET=latin1;
/*!40101 SET character_set_client = @saved_cs_client */;

--
-- Dumping data for table `tv_movie_channel_association`
--

LOCK TABLES `tv_movie_channel_association` WRITE;
/*!40000 ALTER TABLE `tv_movie_channel_association` DISABLE KEYS */;
INSERT INTO `tv_movie_channel_association` (`movie_id`, `channel_id`) VALUES (1,1),(2,2),(3,3),(4,4),(5,5),(6,6),(7,7),(8,8),(9,9),(10,10),(11,11),(12,12),(13,13),(14,14),(15,15),(16,16),(17,17),(18,18),(19,19),(20,20),(21,21),(22,22),(23,23),(24,24),(25,25),(26,26),(27,27),(28,28),(29,29),(30,30),(31,31),(32,32),(33,33),(34,34),(35,35),(36,36),(37,37),(38,38),(39,39),(40,40),(41,41),(42,42),(43,43),(44,44),(45,45),(46,46),(47,47),(48,48),(49,49),(50,50),(51,51),(52,52),(53,53),(54,54),(55,55),(56,56),(57,57),(58,58),(59,59),(60,60),(61,61),(62,62),(63,63),(64,64),(65,65),(66,66),(67,67),(68,68),(69,69),(70,70),(71,71),(72,72),(73,73),(74,74),(75,75),(76,76),(77,77),(78,78),(79,79),(80,80),(81,81),(82,82),(83,83),(84,84),(85,85),(86,86),(87,87),(88,88),(89,89),(90,90),(91,91),(92,92),(93,93),(94,94),(95,95),(96,96),(97,97),(98,98),(99,99),(100,100),(101,101),(102,102),(103,103),(104,104),(105,105),(106,106),(107,107),(108,108),(109,109),(110,110),(111,111),(112,112),(113,113),(114,114),(115,115),(116,116),(117,117),(118,118),(119,119),(120,120),(121,121),(122,122),(123,123),(124,124),(125,125),(126,126),(127,127),(128,128),(129,129),(130,130),(131,131),(132,132),(133,133),(134,134),(135,135),(136,136),(137,137),(138,138),(139,139),(140,140),(141,141),(142,142),(143,143),(144,144),(145,145),(146,146),(147,147),(148,148),(149,149),(150,150),(151,151),(152,152),(153,153),(154,154),(155,155),(156,156),(157,157),(158,158),(159,159),(160,160),(161,161),(162,162),(163,163),(164,164),(165,165),(166,166),(167,167),(168,168),(169,169),(170,170),(171,171),(172,172),(173,173),(174,174),(175,175),(176,176),(177,177),(178,178),(179,179),(180,180),(181,181),(182,182),(183,183),(184,184),(185,185),(186,186),(187,187),(188,188),(189,189),(190,190),(191,191),(192,192),(193,193),(194,194),(195,195),(196,196),(197,197),(198,198),(199,199),(200,200),(201,201),(202,202),(203,203),(204,204),(205,205),(206,206),(207,207),(208,208),(209,209),(210,210),(211,211),(212,212),(213,213),(214,214),(215,215),(216,216),(217,217),(218,218),(219,219),(220,220),(221,221),(222,222),(223,223),(224,224),(225,225),(226,226),(227,227),(228,228),(229,229),(230,230),(231,231),(232,232),(233,233),(234,234),(235,235),(236,236),(237,237),(238,238),(239,239),(240,240),(241,241),(242,242),(243,243),(244,244),(245,245),(246,246),(247,247),(248,248),(249,249),(250,250),(251,251),(252,252),(253,253),(254,254),(255,255),(256,256),(257,257),(258,258),(259,259),(260,260),(261,261),(262,262),(263,263),(264,264),(265,265),(266,266),(267,267),(268,268),(269,269),(270,270),(271,271),(272,272),(273,273),(274,274),(275,275),(276,276),(277,277),(278,278),(279,279),(280,280),(281,281),(282,282),(283,283),(284,284),(285,285),(286,286),(287,287),(288,288),(289,289),(290,290),(291,291),(292,292),(293,293),(294,294),(295,295),(296,296),(297,297),(298,298),(299,299),(300,300),(301,301),(302,302),(303,303),(304,304),(305,305),(306,306),(307,307),(308,308),(309,309),(310,310),(311,311),(312,312),(313,313),(314,314),(315,315),(316,316),(317,317),(318,318),(319,319),(320,320),(321,321),(322,322),(323,323),(324,324),(325,325),(326,326),(327,327),(328,328),(329,329),(330,330),(331,331),(332,332),(333,333),(334,334),(335,335),(336,336),(337,337),(338,338),(339,339),(340,340),(341,341),(342,342),(343,343),(344,344),(345,345),(346,346),(347,347),(348,348),(349,349),(350,350),(351,351),(352,352),(353,353),(354,354),(355,355),(356,356),(357,357),(358,358),(359,359),(360,360),(361,361),(362,362),(363,363),(364,364),(365,365),(366,366),(367,367),(368,368),(369,369),(370,370),(371,371),(372,372),(373,373),(374,374),(375,375),(376,376),(377,377),(378,378),(379,379),(380,380),(381,381),(382,382),(383,383),(384,384),(385,385),(386,386),(387,387),(388,388),(389,389),(390,390),(391,391),(392,392),(393,393),(394,394),(395,395),(396,396),(397,397),(398,398),(399,399),(400,400);
/*!40000 ALTER TABLE `tv_movie_channel_association` ENABLE KEYS */;
UNLOCK TABLES;

--
-- Table structure for table `tv_movie_genre_association`
--

DROP TABLE IF EXISTS `tv_movie_genre_association`;
/*!40101 SET @saved_cs_client     = @@character_set_client */;
/*!40101 SET character_set_client = utf8 */;
CREATE TABLE `tv_movie_genre_association` (
  `movie_id` int(11) DEFAULT NULL,
  `genre_id` int(11) DEFAULT NULL,
  KEY `movie_id` (`movie_id`),
  KEY `genre_id` (`genre_id`),
  CONSTRAINT `tv_movie_genre_association_ibfk_1` FOREIGN KEY (`movie_id`) REFERENCES `tv_movies` (`id`),
  CONSTRAINT `tv_movie_genre_association_ibfk_2` FOREIGN KEY (`genre_id`) REFERENCES `genres` (`id`)
) ENGINE=InnoDB DEFAULT CHARSET=latin1;
/*!40101 SET character_set_client = @saved_cs_client */;

--
-- Dumping data for table `tv_movie_genre_association`
--

LOCK TABLES `tv_movie_genre_association` WRITE;
/*!40000 ALTER TABLE `tv_movie_genre_association` DISABLE KEYS */;
INSERT INTO `tv_movie_genre_association` (`movie_id`, `genre_id`) VALUES (1,1),(2,7),(3,11),(3,8),(3,18),(4,7),(5,7),(6,3),(6,11),(6,4),(7,3),(7,11),(7,4),(8,2),(8,4),(9,2),(9,4),(10,3),(10,11),(11,3),(11,11),(12,8),(12,2),(12,10),(13,8),(13,2),(13,10),(14,8),(14,11),(14,3),(15,2),(16,2),(17,19),(17,8),(17,11),(18,7),(19,7),(19,6),(20,19),(20,18),(21,11),(21,13),(22,7),(23,2),(23,15),(24,2),(25,2),(25,3),(25,12),(25,4),(26,2),(27,2),(28,7),(29,20),(29,21),(30,8),(30,11),(30,2),(31,13),(32,7),(32,8),(32,17),(32,13),(33,9),(33,8),(34,7),(35,7),(36,7),(37,7),(38,11),(38,8),(39,3),(39,10),(39,2),(39,13),(39,5),(40,3),(40,10),(40,2),(40,13),(40,5),(41,7),(42,8),(42,11),(42,3),(43,8),(43,11),(43,3),(44,8),(44,10),(45,7),(46,8),(47,13),(47,10),(48,8),(48,11),(48,9),(49,22),(50,13),(51,14),(52,2),(52,11),(52,12),(52,4),(53,2),(53,11),(53,12),(53,4),(54,9),(54,15),(54,8),(55,7),(56,22),(57,8),(58,8),(59,10),(59,8),(59,17),(60,17),(60,10),(61,13),(61,10),(61,9),(62,9),(62,8),(63,9),(63,2),(63,12),(63,4),(64,13),(65,15),(66,8),(66,2),(66,23),(67,8),(67,2),(67,23),(68,11),(68,8),(68,3),(69,11),(69,8),(69,3),(70,2),(70,5),(71,2),(71,5),(72,8),(72,2),(73,2),(73,11),(73,12),(73,4),(74,2),(74,11),(74,12),(74,4),(75,8),(75,2),(76,2),(76,11),(76,4),(77,21),(78,2),(79,2),(79,11),(79,8),(79,9),(79,12),(79,4),(80,6),(80,18),(81,1),(82,21),(83,8),(83,2),(83,9),(84,10),(84,17),(85,10),(86,10),(87,18),(87,6),(88,2),(89,19),(89,21),(90,7),(91,20),(91,21),(92,2),(92,12),(92,4),(93,8),(94,14),(94,21),(95,10),(96,10),(97,20),(97,4),(97,5),(98,20),(98,4),(98,5),(99,20),(99,5),(100,20),(100,5),(101,7),(101,5),(102,7),(102,5),(103,14),(104,7),(105,11),(106,2),(107,2),(108,7),(109,13),(109,22),(109,20),(110,20),(111,21),(112,14),(113,8),(114,15),(114,18),(115,2),(116,15),(117,13),(117,8),(117,3),(118,7),(118,24),(119,2),(120,2),(121,7),(122,2),(123,13),(124,2),(124,5),(125,2),(125,5),(126,21),(127,24),(128,7),(128,23),(129,8),(129,9),(130,10),(131,2),(131,8),(132,8),(132,11),(132,3),(133,21),(133,20),(134,10),(135,10),(136,10),(136,13),(137,21),(137,20),(138,11),(138,4),(139,13),(140,11),(140,8),(140,18),(141,17),(141,10),(142,11),(142,2),(142,12),(142,4),(143,8),(144,2),(145,8),(145,23),(146,13),(146,10),(147,7),(148,7),(149,8),(149,10),(150,8),(150,10),(151,9),(151,8),(151,11),(152,13),(152,10),(153,14),(154,14),(155,21),(155,3),(155,11),(155,4),(156,14),(157,14),(157,7),(158,14),(158,7),(159,6),(160,6),(161,18),(162,3),(162,11),(163,3),(163,11),(164,2),(164,3),(164,11),(164,12),(164,4),(165,9),(165,11),(165,2),(165,8),(166,7),(167,2),(168,10),(168,17),(169,22),(169,17),(170,7),(171,7),(172,2),(172,11),(172,4),(173,2),(174,8),(175,21),(175,5),(176,21),(176,5),(177,8),(178,2),(178,11),(178,3),(178,12),(178,4),(179,2),(179,11),(179,3),(179,12),(179,4),(180,2),(180,11),(180,12),(180,4),(181,2),(181,11),(181,12),(181,4),(182,2),(182,11),(183,2),(183,11),(184,8),(185,8),(186,3),(186,8),(186,11),(187,3),(187,8),(187,11),(188,2),(188,4),(189,2),(190,2),(190,8),(191,2),(192,2),(193,2),(194,7),(195,7),(195,11),(196,17),(196,6),(197,2),(198,8),(198,2),(198,23),(199,8),(199,2),(199,23),(200,20),(200,21),(201,7),(202,21),(203,7),(203,22),(204,21),(205,21),(206,10),(207,10),(208,2),(208,5),(209,2),(209,5),(210,13),(210,10),(211,18),(211,11),(211,19),(211,20),(212,10),(212,7),(213,10),(213,7),(214,8),(215,7),(216,20),(216,5),(217,20),(217,5),(218,20),(218,5),(219,20),(219,5),(220,20),(220,5),(221,20),(221,5),(222,7),(222,17),(222,10),(223,10),(224,7),(225,8),(226,7),(226,10),(227,7),(228,8),(228,10),(229,2),(230,13),(230,10),(231,7),(232,9),(232,15),(232,8),(233,17),(234,13),(235,8),(235,17),(236,8),(237,16),(238,1),(238,25),(239,9),(239,2),(239,12),(239,4),(240,13),(241,8),(241,10),(242,15),(242,7),(243,8),(243,2),(244,7),(244,12),(244,4),(245,7),(245,12),(245,4),(246,7),(247,3),(247,11),(248,3),(248,11),(249,10),(249,7),(250,21),(250,4),(251,18),(251,19),(251,11),(252,6),(252,7),(252,23),(253,7),(254,7),(255,3),(255,12),(255,4),(256,7),(257,7),(258,7),(258,23),(259,8),(260,16),(260,3),(260,12),(260,4),(261,2),(261,11),(261,25),(261,12),(261,4),(262,2),(262,11),(262,25),(262,12),(262,4),(263,10),(263,7),(264,8),(265,7),(266,2),(266,11),(266,12),(266,4),(266,5),(267,2),(267,11),(267,12),(267,4),(267,5),(268,15),(268,10),(269,7),(270,11),(270,8),(270,3),(270,4),(271,8),(272,15),(273,7),(274,21),(275,1),(275,6),(275,25),(276,2),(277,2),(278,2),(279,10),(279,7),(280,10),(280,8),(281,2),(282,7),(283,1),(284,2),(285,13),(285,8),(285,3),(286,7),(287,17),(287,8),(288,14),(289,14),(290,21),(291,2),(291,11),(291,12),(291,4),(292,2),(292,11),(292,12),(292,4),(293,13),(293,24),(294,2),(294,11),(294,12),(294,4),(295,2),(295,11),(295,12),(295,4),(296,10),(296,7),(297,14),(298,2),(299,2),(300,8),(301,8),(302,2),(303,7),(304,21),(304,24),(305,7),(306,11),(306,20),(307,10),(308,8),(308,2),(308,23),(309,8),(309,2),(309,23),(310,20),(310,7),(310,26),(310,27),(311,20),(311,7),(311,26),(311,27),(312,14),(313,10),(313,13),(314,21),(314,20),(315,2),(316,2),(317,11),(317,4),(318,7),(319,2),(319,3),(319,11),(319,4),(320,8),(320,17),(321,10),(322,8),(323,7),(323,10),(324,2),(324,5),(325,2),(325,5),(326,11),(326,8),(326,7),(327,8),(327,23),(328,20),(328,7),(329,10),(330,10),(331,20),(331,5),(332,20),(332,5),(333,20),(333,5),(334,20),(334,5),(335,21),(335,5),(336,21),(336,5),(337,7),(337,20),(337,5),(338,7),(338,20),(338,5),(339,13),(339,10),(340,2),(341,7),(341,10),(342,14),(342,7),(343,11),(343,23),(344,15),(344,8),(345,2),(346,2),(347,13),(347,10),(348,7),(349,13),(349,10),(350,8),(350,10),(351,3),(351,11),(351,8),(352,3),(352,11),(352,8),(353,3),(353,2),(353,12),(353,4),(353,5),(354,3),(354,2),(354,12),(354,4),(354,5),(355,7),(356,8),(357,21),(357,20),(358,17),(359,1),(360,1),(361,10),(361,7),(362,1),(363,8),(363,10),(364,1),(365,3),(365,11),(366,3),(366,11),(367,2),(367,11),(367,9),(367,12),(367,4),(368,7),(369,3),(369,11),(369,8),(369,22),(369,7),(370,3),(370,11),(370,8),(370,22),(370,7),(371,20),(371,21),(372,9),(372,10),(373,8),(373,11),(373,10),(374,21),(375,20),(376,13),(377,7),(377,23),(378,21),(379,10),(379,17),(379,20),(380,8),(380,2),(380,9),(381,2),(381,11),(381,12),(381,4),(382,2),(382,11),(382,12),(382,4),(383,15),(384,15),(385,10),(385,13),(386,10),(386,13),(387,13),(387,10),(388,9),(388,10),(389,1),(390,10),(391,7),(392,20),(392,5),(393,7),(394,17),(395,2),(396,2),(397,7),(398,2),(399,2),(399,8),(400,17);
/*!40000 ALTER TABLE `tv_movie_genre_association` ENABLE KEYS */;
UNLOCK TABLES;

--
-- Table structure for table `tv_movies`
--

DROP TABLE IF EXISTS `tv_movies`;
/*!40101 SET @saved_cs_client     = @@character_set_client */;
/*!40101 SET character_set_client = utf8 */;
CREATE TABLE `tv_movies` (
  `id` int(11) NOT NULL AUTO_INCREMENT,
  `title` varchar(100) NOT NULL,
  `releaseYear` varchar(4) DEFAULT NULL,
  `description` varchar(200) DEFAULT NULL,
  PRIMARY KEY (`id`)
) ENGINE=InnoDB AUTO_INCREMENT=401 DEFAULT CHARSET=latin1;
/*!40101 SET character_set_client = @saved_cs_client */;

--
-- Dumping data for table `tv_movies`
--

LOCK TABLES `tv_movies` WRITE;
/*!40000 ALTER TABLE `tv_movies` DISABLE KEYS */;
INSERT INTO `tv_movies` (`id`, `title`, `releaseYear`, `description`) VALUES (1,'Hoop Dreams','1994','Filmmaker Steve James follows the steps of two inner-city-Chicago NBA hopefuls from age 14 to 18.'),(2,'A Few Good Men','1992','Un abogado naval defiende a dos infantes de la Marina acusados de asesinato.'),(3,'Robin Hood','2010','A skilled archer (Russell Crowe) and his men fight to free Nottingham from its despotic sheriff.'),(4,'The Color Purple','1985','Southern woman (Whoopi Goldberg) finds identity after 40 years of abuse.'),(5,'The Color Purple','1985','Southern woman (Whoopi Goldberg) finds identity after 40 years of abuse.'),(6,'Harry Potter and the Prisoner of Azkaban','2004','The young wizard (Daniel Radcliffe) confronts the fugitive Sirius Black.'),(7,'Harry Potter and the Prisoner of Azkaban','2004','The young wizard (Daniel Radcliffe) confronts the fugitive Sirius Black.'),(8,'Matilda','1996','Neglected girl (Mara Wilson) develops extraordinary mental abilities.'),(9,'Matilda','1996','Neglected girl (Mara Wilson) develops extraordinary mental abilities.'),(10,'The Lord of the Rings: The Two Towers','2002','Now divided, members of a fellowship take different paths to destroy the ring and defeat evil.'),(11,'The Lord of the Rings: The Two Towers','2002','Now divided, members of a fellowship take different paths to destroy the ring and defeat evil.'),(12,'2 Guns','2013','Undercover agents from competing bureaus go on the run together after an assignment goes haywire.'),(13,'2 Guns','2013','Undercover agents from competing bureaus go on the run together after an assignment goes haywire.'),(14,'Captain America: The First Avenger','2011','An experimental program turns Steve Rogers into the supersoldier known as Captain America.'),(15,'The Dilemma','2011','Before a presentation, a man sees the wife of his best friend and business partner with another guy.'),(16,'The Dilemma','2011','Before a presentation, a man sees the wife of his best friend and business partner with another guy.'),(17,'Where Eagles Dare','1969','Allied agents (Richard Burton, Clint Eastwood) lead commandos sent to rescue general.'),(18,'Far From Heaven','2002','A woman\'s (Julianne Moore) husband (Dennis Quaid) displays homosexual tendencies.'),(19,'Flash of Genius','2008','Robert Kearns (Greg Kinnear) fights the auto industry over an invention.'),(20,'1917','2019','Two British soldiers cross over into enemy territory to save 1,600 comrades during World War I.'),(21,'Santo y Mantequilla Nápoles en la venganza de la Llorona','1974','Un profesor dice al enmascarado que el esqueleto de la llorona alberga el mapa de un tesoro.'),(22,'Yo Bailé con Don Porfirio','1942','Dos hermanas mellizas son confundidas una con la otra mientras dos jóvenes las cortejan.'),(23,'Todo por la taquilla','2015','Cuatro amigos se reúnen para concluir el proyecto de sus vidas: una película vaquera venezolana.'),(24,'The Pink Panther','2006','A bumbling Frenchman (Steve Martin) probes the theft of a priceless gem.'),(25,'Cloudy With a Chance of Meatballs','2009','Una máquina que transforma el agua en comida amenaza a los habitantes de la isla Masca Bocado.'),(26,'Coming to America','1988','An African prince (Eddie Murphy) and his royal sidekick (Arsenio Hall) come to Queens.'),(27,'Coming to America','1988','An African prince (Eddie Murphy) and his royal sidekick (Arsenio Hall) come to Queens.'),(28,'Todo Por Sarah','1998','Dama (Kellie Martin) debe elegir entre carrera o madre (Mary Steenburgen) enferma.'),(29,'The American President','1995','A rival exploits the president\'s (Michael Douglas) romance with a lobbyist (Annette Bening).'),(30,'Charlie\'s Angels','2019','The Angels must retrieve a revolutionary energy source that can be used as a weapon of destruction.'),(31,'Shocker','1989','Dreams link policeman\'s (Michael Murphy) son (Peter Berg) to killer TV repairman (Mitch Pileggi).'),(32,'Perdita Durango','1997','Pareja (Rosie Perez, Javier Bardem) comete una serie de delitos muy violentos.'),(33,'In Time','2011','En una sociedad donde el tiempo es dinero, los ricos viven para siempre mientras los pobres ruegan.'),(34,'Blood and Sand','1941','A matador (Tyrone Power) chooses between his wife (Linda Darnell) and mistress (Rita Hayworth).'),(35,'Blood and Sand','1941','A matador (Tyrone Power) chooses between his wife (Linda Darnell) and mistress (Rita Hayworth).'),(36,'Lean on Pete','2017','A teen embarks on an odyssey across the new American frontier to save a racehorse from slaughter.'),(37,'Boiler Room','2000','A man (Giovanni Ribisi) begins trading stocks with a dubious firm.'),(38,'National Treasure','2004','A man (Nicolas Cage) tries to steal the Declaration of Independence.'),(39,'Gremlins','1984','An inventor (Hoyt Axton) gives his son (Zach Galligan) a creature which multiplies.'),(40,'Gremlins','1984','An inventor (Hoyt Axton) gives his son (Zach Galligan) a creature which multiplies.'),(41,'Beginners','2010','Newfound love brings back a man\'s memories of his father coming out of the closet at 75.'),(42,'Wonder Woman','2017','Wonder Woman (Gal Gadot) discovers her full powers and true destiny while fighting alongside men.'),(43,'Wonder Woman','2017','Wonder Woman (Gal Gadot) discovers her full powers and true destiny while fighting alongside men.'),(44,'Safe House','2012','A rookie and a renegade agent try to stay alive while trying to determine who\'s trying to kill them.'),(45,'La Divina Garza','','El supervisor de una hacienda trata de deshacerse de una joven mimada pero se enamora de ella.'),(46,'El caballo negro','2016','La belleza de un caballo enloquece a un hombre, quien hace cualquier cosa por llegar a ser su amo.'),(47,'Asylum','2008','Six students discover that their dorm was once a hospital for lobotomizing teens.'),(48,'Predator','1987','A sneaky alien monster attacks commandos on a jungle mission in South America.'),(49,'Dressed to Kill','1946','Sherlock Holmes (Basil Rathbone) and Dr. Watson (Nigel Bruce) seek three music boxes.'),(50,'Ghoulies','1985','Black magic brings creatures to couple\'s (Peter Liapis, Lisa Pelikan) mansion party.'),(51,'Tumbledown','2015','A professor collaborates with a grieving widow to write a biography about her folk-singer husband.'),(52,'Kung Fu Panda 2','2011','A formidable villain\'s plan to conquer China threatens Po\'s (Jack Black) new life of awesomeness.'),(53,'Kung Fu Panda 2','2011','A formidable villain\'s plan to conquer China threatens Po\'s (Jack Black) new life of awesomeness.'),(54,'Cowboys & Aliens','2011','An amnesiac gunslinger is a frontier town\'s only hope against extraterrestrial invaders.'),(55,'El solitario','1964','Un pistolero defiende a un ranchero amenazado de muerte por no querer vender sus tierras.'),(56,'Sherlock Holmes','2002','El detective Sherlock Holmes intenta evitar que Moriarty entre al mercado de la heroína.'),(57,'Moonraker','1979','Agent 007 (Roger Moore) meets Hugo Drax (Michael Lonsdale), out to nerve-gas Earth.'),(58,'Gator','1976','Federal agent (Jack Weston) recruits paroled moonshiner (Burt Reynolds).'),(59,'The Taking of Pelham One Two Three','1974','Hijackers of a New York subway train will kill a passenger a minute to get their $1 million ransom.'),(60,'The Place Beyond the Pines','2012','Two men, and later, their sons, must deal with the consequences of their actions.'),(61,'Brightburn','2019','An alien that looks like a human boy uses its mysterious powers in sinister and destructive ways.'),(62,'In Time','2011','In a society where time is money, the wealthy live forever, while the poor beg for precious minutes.'),(63,'Jetsons: The Movie','1990','The owner of Spacely Sprockets sends employee George Jetson and his family to an asteroid.'),(64,'Ghost in the Machine','1993','The soul of a killer travels via electrical wires to prey on people in a woman\'s address book.'),(65,'El Hombre de Negro','1967','Un viejo pistolero vistiendo de negro va de un lugar a otro para evitar a los que buscan fama.'),(66,'Rush Hour','1998','Mismatched police partners (Jackie Chan, Chris Tucker) seek a kidnapped girl.'),(67,'Rush Hour','1998','Mismatched police partners (Jackie Chan, Chris Tucker) seek a kidnapped girl.'),(68,'The Legend of Hercules','2014','Hercules (Kellan Lutz) is exiled and sold into slavery because of a forbidden love.'),(69,'The Legend of Hercules','2014','Hercules (Kellan Lutz) is exiled and sold into slavery because of a forbidden love.'),(70,'Daddy\'s Home 2','2017','Brad and Dusty\'s respective fathers show up to turn Christmastime upside down.'),(71,'Daddy\'s Home 2','2017','Brad and Dusty\'s respective fathers show up to turn Christmastime upside down.'),(72,'This Means War','2012','Agentes de la CIA usan sus habilidades mortales entre ellos después de que se enamoran de una mujer.'),(73,'Captain Underpants: The First Epic Movie','2017','A principal transforms into the superhero Captain Underpants after two pranksters hypnotize him.'),(74,'Captain Underpants: The First Epic Movie','2017','A principal transforms into the superhero Captain Underpants after two pranksters hypnotize him.'),(75,'This Means War','2012','Two CIA agents turn their deadly skills against each other after both fall for the same woman.'),(76,'MXP: Most Xtreme Primate','2003','Brothers (Devin Drewitz, Trevor Wright) must rescue a snowboarding chimp.'),(77,'The Spectacular Now','2013','A shy, unpopular teen is drawn to a charismatic classmate who has a drinking problem.'),(78,'Best Defense','1984','Army officer (Eddie Murphy) in Kuwait uses engineer\'s (Dudley Moore) flawed tank.'),(79,'Big Hero 6','2014','A child prodigy, his robot and a reluctant crew of novice crime-fighters team up to save their city.'),(80,'The Iron Lady','2011','Margaret Thatcher (Meryl Streep) becomes the United Kingdom\'s first female prime minister.'),(81,'Maiden','2018','Tracy Edwards leads the first all-female crew in a grueling yacht race that covers 33,000 miles.'),(82,'Sunshine Cleaning','2008','Two sisters (Amy Adams, Emily Blunt) start a crime-scene-cleanup business.'),(83,'Men in Black II','2002','Interstellar agents (Tommy Lee Jones, Will Smith) fight an alien who is in disguise.'),(84,'The Betrayed','2008','Kidnappers force a young mother (Melissa George) to recover stolen money.'),(85,'Torn Curtain','1966','A U.S. physicist (Paul Newman) seeks missile secrets in East Germany.'),(86,'Torn Curtain','1966','A U.S. physicist (Paul Newman) seeks missile secrets in East Germany.'),(87,'Victoria & Abdul','2017','Queen Victoria forges an unlikely and devoted friendship with Abdul Karim, a young clerk from India.'),(88,'Flashback','1990','FBI agent (Kiefer Sutherland) escorts \'60s throwback merry prankster (Dennis Hopper).'),(89,'Three Kings','1999','Gulf War soldiers (George Clooney, Mark Wahlberg, Ice Cube) follow a treasure map.'),(90,'El techo','2016','Tres amigos de la Habana se reúnen todos los días para contar historias y compartir sus sueños.'),(91,'EMMA.','2020','Emma navigates her way through wrong matches, romantic missteps and the challenges of growing up.'),(92,'Garfield: The Movie','2004','An orange cat tries to save his owner\'s new dog after a television personality kidnaps it.'),(93,'Jo Bole So Nihaal','2005','The FBI wants a disgraced constable (Sunny Deol) to help catch a terrorist (Kamaal Khan).'),(94,'Miss Pettigrew Lives for a Day','2008','A British governess (Frances McDormand) gets a taste of the glamorous life with an American actress.'),(95,'Adopted in Danger','2019','Terror strikes when a DNA test helps a young woman connect with her birth parents.'),(96,'Adopted in Danger','2019','Terror strikes when a DNA test helps a young woman connect with her birth parents.'),(97,'The Nine Lives of Christmas','2014','A vet student and a stray cat teach a confirmed bachelor about the value of love and companionship.'),(98,'The Nine Lives of Christmas','2014','A vet student and a stray cat teach a confirmed bachelor about the value of love and companionship.'),(99,'Two Turtle Doves','2019','Dr. Sharon Hayes returns home to search for a beloved family heirloom.'),(100,'Two Turtle Doves','2019','Dr. Sharon Hayes returns home to search for a beloved family heirloom.'),(101,'Dear Santa','2011','Crystal, a rich party girl, finds a little girl\'s letter to Santa asking for a new mother.'),(102,'Dear Santa','2011','Crystal, a rich party girl, finds a little girl\'s letter to Santa asking for a new mother.'),(103,'Black Coffee','2014','A new romance helps reinvigorate a man after he\'s fired from the company his father built.'),(104,'Espaldas mojadas','1953','Varios trabajadores emigran a los Estados Unidos y enfrentan explotación y discriminación.'),(105,'Hasta el último cartucho','2006','Un hombre busca vengarse de todos los culpables de haber asesinado a su familia.'),(106,'Bill & Ted\'s Bogus Journey','1991','Grim Reaper (William Sadler) helps dopes (Keanu Reeves, Alex Winter) stop their evil robot twins.'),(107,'Bring It On','2000','Champion cheerleaders (Kirsten Dunst, Eliza Dushku, Jesse Bradford) compete against an urban squad.'),(108,'Rocky V','1990','Broke, punchy Rocky (Sylvester Stallone) trains hungry contender.'),(109,'Crimson Peak','2015','A new bride investigates ghostly visions at a remote gothic mansion that holds dark secrets.'),(110,'That Night','2013','A story of love, life, and a friendship that could only last the night.'),(111,'Fathers\' Day','1997','A woman tells each of two men (Robin Williams, Billy Crystal) that he is the father of her son.'),(112,'I Think I Love My Wife','2007','A free-spirited woman makes a man (Chris Rock) question the state of his marriage.'),(113,'Licence to Kill','1989','Agent 007 (Timothy Dalton) tracks a Latin American drug king (Robert Davi) who has Stinger missiles.'),(114,'Woman Walks Ahead','2017','A painter goes west to meet Sitting Bull, finding the U.S. Army intent on war with Native Americans.'),(115,'Swingers','1996','Show-biz hopefuls hang out at coffee shops and clubs, discussing women and career plans.'),(116,'The Magnificent Seven Ride!','1972','Marshal (Lee Van Cleef), reporter and five ex-convicts rescue widows.'),(117,'Blade: Trinity','2004','Blade (Wesley Snipes) and a pair of vampire slayers battle Dracula.'),(118,'Cake','2014','A woman who has chronic pain seeks out the widower of a support-group member who killed herself.'),(119,'The Pink Panther 2','2009','Clouseau (Steve Martin) probes thefts of the world\'s legendary treasures.'),(120,'Chiquidrácula','1985','El famoso vampiro infantil ataca con sus trucos a la gente una vez más.'),(121,'Antes de irnos','2015','La historia de una joven quien a su corta edad ha tenido que luchar en medio de la pobreza.'),(122,'Mo\' Money','1992','Two brothers (Damon Wayans, Marlon Wayans) tie a credit-card scam to murder.'),(123,'Christine','1983','A gawky teen (Keith Gordon) restores a supernatural \'58 Plymouth Fury.'),(124,'Jingle All the Way 2','2014','A child\'s dad and stepdad engage in an all-out battle to get her the holiday season\'s hottest toy.'),(125,'Jingle All the Way 2','2014','A child\'s dad and stepdad engage in an all-out battle to get her the holiday season\'s hottest toy.'),(126,'Soul Food','1997','Sisters (Vanessa L. Williams, Vivica A. Fox, Nia Long) deal with family and romantic crises.'),(127,'The Stepford Wives','2004','A couple (Nicole Kidman, Matthew Broderick) move to a town where all women act the same.'),(128,'The Karate Kid','1984','Tras convertirse en el objetivo de unos matones, Daniel LaRusso le pide ayuda al maestro Miyagi.'),(129,'Aracnicidio','2014','Un grupo de soldados debe eliminar a unas arañas gigantes que podrían destruir a la humanidad.'),(130,'Un capo pesado','2019','Un narco retirado debe proteger a su familia de un antiguo enemigo.'),(131,'Stuber','2019','A cop who\'s recovering from eye surgery recruits an Uber driver to help him catch a heroin dealer.'),(132,'Thor','2011','After his reckless actions reignite an ancient war, the Norse god is banished to Earth.'),(133,'About a Boy','2002','A playboy (Hugh Grant) bonds with a woman\'s (Toni Collette) 12-year-old son.'),(134,'El Calabozo','1993','Dos doctores y la esposa de uno de ellos viven rodeados de crímenes, perversidad y violencia.'),(135,'Swallow','2019','A newly pregnant woman feels compelled to eat dangerous objects.'),(136,'Dark Water','2005','A woman (Jennifer Connelly) and her daughter move into a creepy building.'),(137,'The Last Kiss','2006','Friends (Zach Braff, Casey Affleck, Michael Weston) come to terms with turning 30.'),(138,'Flipper','1996','Boy (Elijah Wood) adopts dolphin after saving it from toxic-waste dumpers.'),(139,'The Company of Wolves','1985','Innocent girl (Sarah Patterson) meets wolves and werewolves in fantasies.'),(140,'Robin Hood','2010','A skilled archer (Russell Crowe) and his men fight to free Nottingham from its despotic sheriff.'),(141,'No Country for Old Men','2007','A hunter (Josh Brolin) becomes the hunted after taking money from the scene of a drug deal gone bad.'),(142,'Everyone\'s Hero','2006','A boy (Jake T. Austin) begins a cross-country journey to return Babe Ruth\'s baseball bat.'),(143,'Mohra','1994','A journalist falls in love with a police officer as a battle breaks out between two gangs.'),(144,'Almost Heroes','1998','A tracker (Chris Farley) helps a fop (Matthew Perry) blaze a trail in 1804.'),(145,'Master of the Nine Dragon Fist: Wong Ching-Ho','2019','A martial artist develops a new form of kung fu to fight opium traders.'),(146,'Paranormal Activity','2007','A couple set up video cameras throughout their home to capture evidence of a haunting.'),(147,'Acoso prohibido','2000','El sexo, el chantaje y la mentira llevan a un triángulo amoroso a un trágico desenlace.'),(148,'Acoso prohibido','2000','El sexo, el chantaje y la mentira llevan a un triángulo amoroso a un trágico desenlace.'),(149,'Gone in 60 Seconds','2000','A thief (Nicolas Cage) must steal 50 cars to save his brother (Giovanni Ribisi).'),(150,'Gone in 60 Seconds','2000','A thief (Nicolas Cage) must steal 50 cars to save his brother (Giovanni Ribisi).'),(151,'Predator 2','1990','L.A. police (Danny Glover, Gary Busey) hunt a sneaky alien creature in 1997.'),(152,'Stay Alive','2006','Teenagers playing an online horror game actually die along with their characters.'),(153,'The Break-Up','2006','A couple (Vince Vaughn, Jennifer Aniston) end their relationship, but neither is willing to move.'),(154,'The Break-Up','2006','A couple (Vince Vaughn, Jennifer Aniston) end their relationship, but neither is willing to move.'),(155,'A Dog\'s Journey','2019','A reincarnated dog embarks on a lifelong quest to watch over its owner\'s young granddaughter.'),(156,'Esto no es una cita','2013','Robert y Paula, compañeras de oficina, inician una relación para olvidar sus recientes rompimientos.'),(157,'I Love You Phillip Morris','2009','Steven lleva una existencia aparentemente normal hasta que un día descubre que es gay.'),(158,'I Love You Phillip Morris','2009','A con man (Jim Carrey) meets the love (Ewan McGregor) of his life behind bars.'),(159,'Francis of Assisi','1961','Italian wastrel (Bradford Dillman) founds Franciscan Order in 13th century.'),(160,'Francis of Assisi','1961','Italian wastrel (Bradford Dillman) founds Franciscan Order in 13th century.'),(161,'Apollo 13','1995','April 1970 astronauts (Tom Hanks, Bill Paxton, Kevin Bacon) try to return alive.'),(162,'Harry Potter and the Goblet of Fire','2005','Harry\'s friends help him prepare for a tournament with Europe\'s best student wizards.'),(163,'Harry Potter and the Goblet of Fire','2005','Harry\'s friends help him prepare for a tournament with Europe\'s best student wizards.'),(164,'Monsters University','2013','Back in their college days, Mike and Sulley\'s rivalry gets them kicked out of the Scare Program.'),(165,'Men in Black: International','2019','Agent H and Agent M use high-tech weaponry to battle aliens that can take the form of any human.'),(166,'The Beaver','2011','A depressed father (Mel Gibson) speaks through a beaver puppet to try to get his life back on track.'),(167,'Critical Condition','1987','After faking insanity to avoid jail, a con man poses as a doctor in the chaos of a power failure.'),(168,'Man on a Ledge','2012','A police negotiator suspects that an ex-cop has ulterior motives for his possible suicide attempt.'),(169,'Gone Baby Gone','2007','Two private investigators scour the Boston underworld for a kidnapped girl.'),(170,'The Children Act','2017','A judge races against the clock to determine the fate of a teen in need of a lifesaving transfusion.'),(171,'Bloodworth','2010','Three brothers prepare to reunite with their father (Kris Kristofferson).'),(172,'Garfield: A Tail of Two Kitties','2006','Garfield follows Jon (Breckin Meyer) to England and receives royal treatment.'),(173,'Flawless','1999','A man (Robert De Niro) takes singing lessons from his drag-queen neighbor (Philip Seymour Hoffman).'),(174,'Gato de la Sierra','1997','Un hombre apodado \"El Gato\" venga durante su infancia el asesinato de sus padres.'),(175,'Almost Christmas','2016','A retired widower and his bickering family try to spend five days together during the holidays.'),(176,'Almost Christmas','2016','A retired widower and his bickering family try to spend five days together during the holidays.'),(177,'Mohra','1994','A journalist falls in love with a police officer as a battle breaks out between two gangs.'),(178,'Smurfs: The Lost Village','2017','The Smurfs embark on a journey through the Forbidden Forest to find a mysterious village.'),(179,'Smurfs: The Lost Village','2017','The Smurfs embark on a journey through the Forbidden Forest to find a mysterious village.'),(180,'Kung Fu Panda','2008','A clumsy panda (Jack Black) learns martial arts with legendary masters.'),(181,'Kung Fu Panda','2008','A clumsy panda (Jack Black) learns martial arts with legendary masters.'),(182,'National Lampoon\'s Vacation','1983','Griswolds (Chevy Chase, Beverly D\'Angelo) aim station wagon at California fun park.'),(183,'National Lampoon\'s Vacation','1983','Griswolds (Chevy Chase, Beverly D\'Angelo) aim station wagon at California fun park.'),(184,'On Her Majesty\'s Secret Service','1969','Agent 007 (George Lazenby) courts contessa (Diana Rigg), foils SPECTRE chief (Telly Savalas).'),(185,'Runaway Train','1985','Escaped cons (Jon Voight, Eric Roberts) and girl (Rebecca De Mornay) on wild diesel in Alaska.'),(186,'The Mortal Instruments: City of Bones','2013','A teen learns she is descended from a line of half-angel warriors who protect the world from evil.'),(187,'The Mortal Instruments: City of Bones','2013','A teen learns she is descended from a line of half-angel warriors who protect the world from evil.'),(188,'Old Dogs','2009','Two clueless bachelors become the unexpected caretakers of twin children.'),(189,'Back to School','1986','Earthy self-made man (Rodney Dangerfield) joins son (Keith Gordon) at college.'),(190,'Silver Streak','1976','A man (Gene Wilder) meets a woman (Jill Clayburgh), a thief (Richard Pryor) and killers on a train.'),(191,'The Banger Sisters','2002','Two former groupies (Goldie Hawn, Susan Sarandon) reunite after two decades.'),(192,'Liar Liar','1997','A boy\'s wish comes true that his neglectful father will not be able to tell a lie for 24 hours.'),(193,'Liar Liar','1997','A boy\'s wish comes true that his neglectful father will not be able to tell a lie for 24 hours.'),(194,'Extraña pasajera','1952','Durante un largo viaje en tren, la policía descubre unas joyas en la bolsa de una actriz.'),(195,'Mud','2013','Two boys meet a fugitive whose wild tales about bounty hunters and a beautiful woman come true.'),(196,'American Gangster','2007','A chauffeur (Denzel Washington) rises to prominence as the most-powerful crime boss in 1970s Harlem.'),(197,'Life Happens','2011','A party-girl\'s (Krysten Ritter) casual hook-up results in an unplanned pregnancy.'),(198,'Rush Hour 2','2001','Detectives (Jackie Chan, Chris Tucker) battle a Hong Kong gangster (John Lone) and his henchmen.'),(199,'Rush Hour 2','2001','Detectives (Jackie Chan, Chris Tucker) battle a Hong Kong gangster (John Lone) and his henchmen.'),(200,'Emma','1996','In the 1800s, a matchmaker\'s (Gwyneth Paltrow) machinations prove disastrous.'),(201,'La silla vacía','1981','Una pareja de cantantes se separa cuando él decide ser solista y deja a su esposa por una bailarina.'),(202,'De lo mio','2019','Tres hermanos se reúnen en República Dominicana y enfrentan sus demonios.'),(203,'The Lovely Bones','2009','A young murder victim watches over her family -- and her killer -- from heaven.'),(204,'Girl in Progress','2012','A teen (Cierra Ramirez) with a too-busy mom hatches a misguided plan to jump to adulthood.'),(205,'Living Out Loud','1998','Friends (Danny DeVito, Queen Latifah) help an abandoned woman (Holly Hunter) seek direction.'),(206,'Marnie','1964','A rich man (Sean Connery) marries a kleptomaniac (Tippi Hedren) with a serious hang-up.'),(207,'Marnie','1964','A rich man (Sean Connery) marries a kleptomaniac (Tippi Hedren) with a serious hang-up.'),(208,'Tyler Perry\'s A Madea Christmas','2013','Madea (Tyler Perry) dishes out her own brand of Christmas spirit in a small, rural town.'),(209,'Tyler Perry\'s A Madea Christmas','2013','Madea (Tyler Perry) dishes out her own brand of Christmas spirit in a small, rural town.'),(210,'It','2017','Children in a Maine town band together to fight an ancient, bloodthirsty clown known as Pennywise.'),(211,'The Last of the Mohicans','1992','Cooper\'s frontier tale of Hawkeye (Daniel Day-Lewis), Chingachgook and Uncas.'),(212,'A Mother Knows Worst','2020','A woman who wants to start a family becomes increasingly obsessed with a mother and her baby girl.'),(213,'A Mother Knows Worst','2020','A woman who wants to start a family becomes increasingly obsessed with a mother and her baby girl.'),(214,'El toro pesado','2018','Dos amigos emigran en busca del sueño americano. Tomarán las riendas de su destino.'),(215,'Beginners','2010','Newfound love brings back a man\'s memories of his father coming out of the closet at 75.'),(216,'Sleigh Bells Ring','2016','A magic sleigh nudges a single mother (Erin Cahill) back to an old flame (David Alpay).'),(217,'Sleigh Bells Ring','2016','A magic sleigh nudges a single mother (Erin Cahill) back to an old flame (David Alpay).'),(218,'A Gingerbread Romance','2018','An architect teams up with a baker to win a gingerbread house contest.'),(219,'A Gingerbread Romance','2018','An architect teams up with a baker to win a gingerbread house contest.'),(220,'Christmas Reservations','2019','An event coordinator is reunited with her widowed college sweetheart and his two children.'),(221,'Christmas Reservations','2019','An event coordinator is reunited with her widowed college sweetheart and his two children.'),(222,'Reverso','2015','Desde pequeños, Alex y Marcos juegan a ponerse pruebas y retos imposibles.'),(223,'Trampas del destino','2020','Un hombre encuentra la entrada a dimensiones paralelas en la Riviera Maya.'),(224,'Me caí de la nube','1974','Un hombre emigra a la capital en busca de trabajo para poder ayudar a su madre enferma.'),(225,'Iron Eagle','1986','Ex-fighter pilot (Louis Gossett Jr.) helps Air Force brat (Jason Gedrick) free father.'),(226,'Side Effects','2013','A woman\'s world unravels after her psychiatrist prescribes a new medication to treat her anxiety.'),(227,'Mano de obra','2019','Francisco y un grupo del albañiles buscan justicia tras la muerte de un compañero de trabajo.'),(228,'Safe House','2012','A rookie and a renegade agent try to stay alive while trying to determine who\'s trying to kill them.'),(229,'Madea\'s Family Reunion','2006','A Southern matriarch (Tyler Perry) must keep the peace while planning a family reunion.'),(230,'Asylum','2008','Six students discover that their dorm was once a hospital for lobotomizing teens.'),(231,'A la orilla de un palmar','1937','El amargado tío de una bella joven la convence de rechazar a su enamorado.'),(232,'Cowboys & Aliens','2011','An amnesiac gunslinger is a frontier town\'s only hope against extraterrestrial invaders.'),(233,'Jackie Brown','1997','A smuggler (Pam Grier) seeks clemency by framing her boss (Samuel L. Jackson).'),(234,'The Omen','1976','Diplomat (Gregory Peck) and wife (Lee Remick) adopt baby Damien, the Antichrist.'),(235,'Mexican Gangster','2014','La vida de Alfredo Ríos Galeana, el ladrón de bancos más prolífico de la historia de México.'),(236,'Moonraker','1979','Agent 007 (Roger Moore) meets Hugo Drax (Michael Lonsdale), out to nerve-gas Earth.'),(237,'Blues Brothers 2000','1998','Elwood Blues (Dan Aykroyd) reassembles his band with new members (John Goodman, Joe Morton).'),(238,'Glee the 3D Concert Movie','2011','Highlights of the \"Glee\" cast (Dianna Agron, Chris Colfer) summer 2011 concert tour.'),(239,'Jetsons: The Movie','1990','The owner of Spacely Sprockets sends employee George Jetson and his family to an asteroid.'),(240,'Ghost in the Machine','1993','The soul of a killer travels via electrical wires to prey on people in a woman\'s address book.'),(241,'Cold Pursuit','2019','A vigilante seeks coldblooded justice against a psychotic drug lord and his sleazy henchmen.'),(242,'First Cow','2019','Two men on the run plan to use a landowner\'s prized dairy cow to make their fortune in the 1820s.'),(243,'This Means War','2012','Two CIA agents turn their deadly skills against each other after both fall for the same woman.'),(244,'The Hunchback of Notre Dame','1996','Bell ringer Quasimodo saves Gypsy Esmeralda from a mob in medieval Paris.'),(245,'The Hunchback of Notre Dame','1996','Bell ringer Quasimodo saves Gypsy Esmeralda from a mob in medieval Paris.'),(246,'Waves','2019','An African American family navigates love, forgiveness and coming together after a tragic loss.'),(247,'The Lord of the Rings: The Return of the King','2003','Frodo and Sam march toward Mount Doom while Gandalf prepares for the final battle for Middle Earth.'),(248,'The Lord of the Rings: The Return of the King','2003','Frodo and Sam march toward Mount Doom while Gandalf prepares for the final battle for Middle Earth.'),(249,'Backdraft','1991','Firefighter brothers (Kurt Russell, William Baldwin) face arson in Chicago.'),(250,'We Bought a Zoo','2011','Looking for a fresh start, a single father (Matt Damon) moves his family to a dilapidated zoo.'),(251,'Kingdom of Heaven','2005','A young knight (Orlando Bloom) protects Jerusalem from invaders.'),(252,'Bruce Lee: His Last Days, His Last Nights','1976','The martial artist falls in love with an actress and dies under mysterious circumstances.'),(253,'Barton Fink','1991','A 1940s writer (John Turturro) sweats out a script in a weird Hollywood hotel.'),(254,'Rocky Balboa','2006','Aging Rocky\'s plan to fight a few small matches escalates into a battle with the world champion.'),(255,'We\'re Back! A Dinosaur\'s Story','1993','Friendly dinosaurs eat a cereal that allows them to visit children in New York.'),(256,'The Kite Runner','2007','Un hombre afgano regresa a su tierra controlada por los talibanes en busca del hijo de un amigo.'),(257,'The Kite Runner','2007','An Afghan native returns to his Taliban-controlled homeland to find a murdered friend\'s son.'),(258,'The Karate Kid Part II','1986','Daniel acompaña a Miyagi a su tierra y allí aprende cosas sobre el pasado secreto de su maestro.'),(259,'Once Upon a Time in Mexico','2003','A CIA agent (Johnny Depp) recruits a gunman (Antonio Banderas) to stop an assassination.'),(260,'Strange Magic','2015','A rebellious fairy princess (Evan Rachel Wood) challenges a king\'s (Alan Cumming) hatred of love.'),(261,'Rio 2','2014','Blu (Jesse Eisenberg) and his family travel to the Amazon to learn to live as wild birds.'),(262,'Rio 2','2014','Blu (Jesse Eisenberg) and his family travel to the Amazon to learn to live as wild birds.'),(263,'Fatal Attraction','1987','A lawyer (Michael Douglas) with a wife (Anne Archer) sleeps with a twisted client (Glenn Close).'),(264,'Kahani Ek Chor Ki','1981','After leaving her husband, a woman attempts to give her sons a chance at an honest life.'),(265,'Holiday Heart','2000','A drag queen (Ving Rhames) mourning the loss of his lover takes in a drug addict and her daughter.'),(266,'The Star','2017','Animal friends embark on a journey to become the accidental heroes of the greatest story ever told.'),(267,'The Star','2017','Animal friends embark on a journey to become the accidental heroes of the greatest story ever told.'),(268,'Slow West','2015','A bounty hunter keeps his true motive a secret while he helps a naive Scots teen find his beloved.'),(269,'Ghar Ek Mandir','1984','A diabolical factory owner destroys the purity of one man\'s family.'),(270,'Spy Kids: All the Time in the World','2011','The twin stepchildren of a retired spy (Jessica Alba) step up to save the world from a megalomaniac.'),(271,'Chain Reaction','1996','Scientists (Keanu Reeves, Rachel Weisz) are framed for sabotaging a water project.'),(272,'High Noon','1952','A marshal (Gary Cooper) stands alone to face a vengeful gunman and his gang.'),(273,'An Officer and a Gentleman','1982','A hardened loner shapes up for a military drill instructor and a factory girl from town.'),(274,'Fathers\' Day','1997','A woman tells each of two men (Robin Williams, Billy Crystal) that he is the father of her son.'),(275,'Verónica: Mi vida artística','2013','Verónica, una cantante cubana de gran trayectoria, incursionó en un programa infantil muy popular.'),(276,'Life of the Party','2018','A woman finds fun, freedom and frat boys while attending the same college as her daughter.'),(277,'Life of the Party','2018','A woman finds fun, freedom and frat boys while attending the same college as her daughter.'),(278,'Greed','2019','A self-made fashion billionaire throws an extravagant birthday party on the Greek island of Mykonos.'),(279,'Greta','2018','A young woman befriends a lonely widow whose behavior becomes increasingly erratic and obsessive.'),(280,'Enemy of the State','1998','Former spy (Gene Hackman) aids man (Will Smith) framed in political cover-up.'),(281,'Wayne\'s World 2','1993','Wayne (Mike Myers) and Garth (Dana Carvey) rock \'n\' roll at Waynestock.'),(282,'Bruce Lee, la leyenda','2010','Bruce Lee se muda de Hong Kong a Estados Unidos y se regresa de nuevo.'),(283,'12 O\'Clock Boys','2013','A Baltimore youth idolizes a group of dirt-bike riders and hopes to join their ranks.'),(284,'Swingers','1996','Show-biz hopefuls hang out at coffee shops and clubs, discussing women and career plans.'),(285,'Blade: Trinity','2004','Blade (Wesley Snipes) and a pair of vampire slayers battle Dracula.'),(286,'Camino del Infierno','1951','Una joven encuentra el amor con un hombre que tiene un mano gacho.'),(287,'Secuestro y traición','2017','El destino de dos hombres queda ligado por un secuestro y una traición.'),(288,'Knocked Up','2007','A journalist\'s one-night stand with an irresponsible slacker has an unforeseen consequence.'),(289,'Knocked Up','2007','A journalist\'s one-night stand with an irresponsible slacker has an unforeseen consequence.'),(290,'24 Hour Party People','2002','An Englishman (Steve Coogan) founds a record label in the 1970s.'),(291,'Bee Movie','2007','A college-educated bee (Jerry Seinfeld) intends to sue the human race for stealing honey.'),(292,'Bee Movie','2007','A college-educated bee (Jerry Seinfeld) intends to sue the human race for stealing honey.'),(293,'The Day of the Beast','1995','Un cura y sus ayudantes pretenden invocar al diablo para evitar el nacimiento del anticristo.'),(294,'Ferdinand','2017','A wisecracking goat and three hedgehogs try to help a giant but gentle bull escape from his captors.'),(295,'Ferdinand','2017','A wisecracking goat and three hedgehogs try to help a giant but gentle bull escape from his captors.'),(296,'The Last Castle','2001','A court-martialed general (Robert Redford) leads a revolt against a warden (James Gandolfini).'),(297,'Win a Date With Tad Hamilton!','2004','A woman\'s (Kate Bosworth) friend (Topher Grace) and an actor (Josh Duhamel) vie for her affection.'),(298,'Vegas Vacation','1997','Clark and Ellen Griswold\'s disastrous family outing includes a visit with boorish Cousin Eddie.'),(299,'Vegas Vacation','1997','Clark and Ellen Griswold\'s disastrous family outing includes a visit with boorish Cousin Eddie.'),(300,'Con Air','1997','A wrongly convicted parolee on a flight with a group of vicious prisoners tries to stop a hijacking.'),(301,'Con Air','1997','A wrongly convicted parolee on a flight with a group of vicious prisoners tries to stop a hijacking.'),(302,'Ahí está el detalle','1940','Un vago se hace pasar por un rico que está muerto.'),(303,'De mujer a mujer','1950','Una mujer conversa, cara a cara, con la mujer que tuvo un hijo con su marido.'),(304,'Once Upon a Time... In Hollywood','2019','A TV star and his longtime stunt double make their way around a changing industry in 1969 Hollywood.'),(305,'Al Caer la Tarde','1949','Un ex peón ahora adinerado, quiere comprar la hacienda de su ex patrón y casarse con su hija.'),(306,'Patagonia de los sueños','2013','La familia de Chantal se adapta a los paisajes impresionantes, pero duros de la región.'),(307,'The Mortician','2011','A mortician kills anyone who threatens a boy he found hiding in the morgue.'),(308,'Rush Hour 3','2007','Carter (Chris Tucker) and Lee (Jackie Chan) battle Chinese gangsters in Paris.'),(309,'Rush Hour 3','2007','Carter (Chris Tucker) and Lee (Jackie Chan) battle Chinese gangsters in Paris.'),(310,'Forever My Girl','2018','A country music star returns to his hometown and reunites with the bride that he left at the altar.'),(311,'Forever My Girl','2018','A country music star returns to his hometown and reunites with the bride that he left at the altar.'),(312,'Notting Hill','1999','A shopkeeper (Hugh Grant) meets a movie star (Julia Roberts).'),(313,'Dark Water','2005','A woman (Jennifer Connelly) and her daughter move into a creepy building.'),(314,'The Last Kiss','2006','Friends (Zach Braff, Casey Affleck, Michael Weston) come to terms with turning 30.'),(315,'Ace Ventura: Pet Detective','1994','The goofy sleuth (Jim Carrey) sets out to find the Miami Dolphins\' missing mascot, Snowflake.'),(316,'Ace Ventura: Pet Detective','1994','The goofy sleuth (Jim Carrey) sets out to find the Miami Dolphins\' missing mascot, Snowflake.'),(317,'Flipper','1996','Boy (Elijah Wood) adopts dolphin after saving it from toxic-waste dumpers.'),(318,'Human Capital','2019','The lives of two families collide when their children begin a relationship.'),(319,'Sky High','2005','Two superheroes (Kurt Russell, Kelly Preston) send their reluctant son to a training school.'),(320,'Messenger of Death','1988','Denver reporter (Charles Bronson) tracks news of religious renegades.'),(321,'Cuestión de principios','2018','Abel se convierte en un policía soplón y se gana el rechazo de varios de sus compañeros.'),(322,'Tomorrow Never Dies','1997','James Bond and female agent Wai Lin pursue a megalomaniacal tycoon trying to start World War III.'),(323,'Murder in the First','1995','A 1930s lawyer (Christian Slater) defends an abused Alcatraz inmate (Kevin Bacon).'),(324,'The Night Before','2015','Three lifelong friends search for the Holy Grail of Christmas parties in New York.'),(325,'The Night Before','2015','Three lifelong friends search for the Holy Grail of Christmas parties in New York.'),(326,'Robin Hood: Prince of Thieves','1991','Forest archer (Kevin Costner) and outlaws face sheriff of Nottingham.'),(327,'Master of the Nine Dragon Fist: Wong Ching-Ho','2019','A martial artist develops a new form of kung fu to fight opium traders.'),(328,'Five Feet Apart','2019','Two cystic fibrosis patients fall in love but must stay five feet apart at all times.'),(329,'Young, Stalked and Pregnant','2020','High school senior Audrey is accepted at a top university when she finds herself pregnant.'),(330,'Young, Stalked and Pregnant','2020','High school senior Audrey is accepted at a top university when she finds herself pregnant.'),(331,'Good Morning Christmas!','2020','Two competing TV hosts are forced together in a festive small town over Christmas.'),(332,'Good Morning Christmas!','2020','Two competing TV hosts are forced together in a festive small town over Christmas.'),(333,'A Christmas for the Books','2018','A romance expert conceals a recent breakup and asks a producer to pretend they are a couple.'),(334,'A Christmas for the Books','2018','A romance expert conceals a recent breakup and asks a producer to pretend they are a couple.'),(335,'This Christmas','2007','During a holiday reunion, secrets come to light and family ties become strained.'),(336,'This Christmas','2007','During a holiday reunion, secrets come to light and family ties become strained.'),(337,'Christmas Unwrapped','2020','An ambitious yet pragmatic reporter learns the true meaning of Christmas.'),(338,'Christmas Unwrapped','2020','An ambitious yet pragmatic reporter learns the true meaning of Christmas.'),(339,'Stay Alive','2006','Teenagers playing an online horror game actually die along with their characters.'),(340,'El país más feliz del mundo','2017','Un alcalde y su asistente viajan para buscar un muerto e inaugurar así el cementerio del pueblo.'),(341,'The Book of Henry','2017','A boy devises a plan to help the girl next door whose family harbors a dark and dangerous secret.'),(342,'I Love You Phillip Morris','2009','A con man (Jim Carrey) meets the love (Ewan McGregor) of his life behind bars.'),(343,'Bruce Lee: The Man, the Myth','1977','The kung-fu actor\'s (Bruce Li) story is told, from Hong Kong to Hollywood.'),(344,'Butch Cassidy and the Sundance Kid','1969','An encroaching posse in Wyoming prompts outlaws (Paul Newman, Robert Redford) to try out Bolivia.'),(345,'The Trouble With Harry','1955','Rural Vermonters (Edmund Gwenn, Shirley MacLaine, John Forsythe) try to bury a corpse.'),(346,'The Trouble With Harry','1955','Rural Vermonters (Edmund Gwenn, Shirley MacLaine, John Forsythe) try to bury a corpse.'),(347,'It: Chapter Two','2019','The evil clown Pennywise returns 27 years later to torment the grown-up members of the Losers\' Club.'),(348,'The Legend of Bagger Vance','2000','A golf caddy (Will Smith) helps a disillusioned young war veteran (Matt Damon).'),(349,'The Exorcism of Emily Rose','2005','A lawyer (Laura Linney) defends a priest (Tom Wilkinson) who performed a fatal exorcism.'),(350,'Anna','2019','A woman unleashes her strength and skill to become one of the most feared assassins on the planet.'),(351,'Maleficent','2014','Young Maleficent rises to protect her kingdom from invaders, but a betrayal hardens her heart.'),(352,'Maleficent','2014','Young Maleficent rises to protect her kingdom from invaders, but a betrayal hardens her heart.'),(353,'The Nightmare Before Christmas','1993','The Pumpkin King of Halloweentown plans to kidnap Santa Claus and deliver chills instead of joy.'),(354,'The Nightmare Before Christmas','1993','The Pumpkin King of Halloweentown plans to kidnap Santa Claus and deliver chills instead of joy.'),(355,'Mary Magdalene','2018','The story of Mary Magdalene, a woman driven by her faith to follow Jesus.'),(356,'On Her Majesty\'s Secret Service','1969','Agent 007 (George Lazenby) courts contessa (Diana Rigg), foils SPECTRE chief (Telly Savalas).'),(357,'Peace, Love & Misunderstanding','2011','A lawyer (Catherine Keener) brings her children along to visit her estranged hippie mother.'),(358,'Code of Silence','1985','Chicago cop (Chuck Norris) attacks cocaine store by remote control.'),(359,'The Phenomenon','2020','Interviews and archival footage offer credible evidence and insight on the UFO phenomenon.'),(360,'The Phenomenon','2020','Interviews and archival footage offer credible evidence and insight on the UFO phenomenon.'),(361,'First Reformed','2017','A pastor\'s life spirals out of control after a soul-shaking encounter with an activist and his wife.'),(362,'Always at the Carlyle','2018','Celebrities tell the untold stories of New York\'s legendary and landmark hotel, the Carlyle.'),(363,'Miss Bala','2019','A young woman must outwit a ruthless drug cartel to save her kidnapped friend in Mexico.'),(364,'Siempre, Luis','2020','Puerto Rican migrant Luis Miranda moves to the United States and fights for Latino communities.'),(365,'Harry Potter and the Order of the Phoenix','2007','Harry (Daniel Radcliffe) teaches a group of students to defend Hogwarts from Voldemort\'s minions.'),(366,'Harry Potter and the Order of the Phoenix','2007','Harry (Daniel Radcliffe) teaches a group of students to defend Hogwarts from Voldemort\'s minions.'),(367,'Planet 51','2009','An astronaut lands on a planet where the inhabitants are stuck in a version of 1950s America.'),(368,'The Other Side of Hell','1978','Man (Alan Arkin) regains sanity in hospital for criminally insane.'),(369,'Miss Peregrine\'s Home for Peculiar Children','2016','A teen discovers a secret refuge on an island where children have special powers and hidden enemies.'),(370,'Miss Peregrine\'s Home for Peculiar Children','2016','A teen discovers a secret refuge on an island where children have special powers and hidden enemies.'),(371,'Emma','1996','In the 1800s, a matchmaker\'s (Gwyneth Paltrow) machinations prove disastrous.'),(372,'Moon','2009','The lone miner (Sam Rockwell) at a lunar facility suffers hallucinations.'),(373,'Dante\'s Peak','1997','Volcanologist (Pierce Brosnan) and friend (Linda Hamilton) flee a deadly eruption.'),(374,'Next Day Air','2009','A delivery man (Donald Faison) accidentally brings a box full of cocaine to the wrong address.'),(375,'One Day','2011','For two decades, two friends (Anne Hathaway, Jim Sturgess) reunite on July 15 each year.'),(376,'Texas Chainsaw Massacre: The Next Generation','1995','Psycho Leatherface\'s (Robert Jacks) clan terrorizes a high-schooler (Renée Zellweger).'),(377,'Karate Kid 3','1989','Un malvado instructor emplea sucias técnicas para vengarse de un estudiante de karate que lo venció.'),(378,'Girl in Progress','2012','A teen (Cierra Ramirez) with a too-busy mom hatches a misguided plan to jump to adulthood.'),(379,'The Thomas Crown Affair','1999','A billionaire (Pierce Brosnan) becomes a suspect in an art theft.'),(380,'Men in Black','1997','A veteran (Tommy Lee Jones) and a rookie (Will Smith) track aliens on Earth.'),(381,'The SpongeBob Movie: Sponge Out of Water','2015','SpongeBob and Plankton join forces against a pirate after the recipe for Krabby Patties is stolen.'),(382,'The SpongeBob Movie: Sponge Out of Water','2015','SpongeBob and Plankton join forces against a pirate after the recipe for Krabby Patties is stolen.'),(383,'Angel and the Badman','1947','Quaker Prudence (Gail Russell) reforms wounded outlaw Quirt (John Wayne).'),(384,'Angel and the Badman','1947','Quaker Prudence (Gail Russell) reforms wounded outlaw Quirt (John Wayne).'),(385,'Ma','2019','Una mujer solitaria se hace amiga de unos adolescentes, pero les oculta su verdadera intención.'),(386,'Ma','2019','A seemingly friendly woman terrorizes a group of teens after letting them party in her basement.'),(387,'It','2017','Children in a Maine town band together to fight an ancient, bloodthirsty clown known as Pennywise.'),(388,'Captive State','2019','Residents of Chicago form a resistance group to fight back against 10 years of alien occupation.'),(389,'Fade to Black','2004','Rapper Jay-Z performs his farewell concert at Madison Square Garden in New York.'),(390,'The Vanishing','1993','Kidnapper (Jeff Bridges) contacts victim\'s boyfriend (Kiefer Sutherland) years later.'),(391,'Mano de obra','2019','Francisco y un grupo del albañiles buscan justicia tras la muerte de un compañero de trabajo.'),(392,'A Very Corgi Christmas','2019','Workaholic Lauren and her son Jacob return home for the holidays.'),(393,'Yo Bailé con Don Porfirio','1942','Dos hermanas mellizas son confundidas una con la otra mientras dos jóvenes las cortejan.'),(394,'El Silencioso, la venganza','2011','La familia del Silencioso se convierte en el objetivo de criminales.'),(395,'Tammy','2014','After losing her job and discovering her mate\'s infidelity, a woman takes her grandmother on a trip.'),(396,'Tammy','2014','After losing her job and discovering her mate\'s infidelity, a woman takes her grandmother on a trip.'),(397,'Room','2015','A 5-year-old boy experiences the outside world for the first time after escaping from captivity.'),(398,'Flirting With Disaster','1996','An adoption-agency psychologist tempts a father while they and his wife search for his birth father.'),(399,'Showtime','2002','Two cops (Robert De Niro, Eddie Murphy) work on a reality-based TV show.'),(400,'Jackie Brown','1997','A smuggler (Pam Grier) seeks clemency by framing her boss (Samuel L. Jackson).');
/*!40000 ALTER TABLE `tv_movies` ENABLE KEYS */;
UNLOCK TABLES;
/*!40103 SET TIME_ZONE=@OLD_TIME_ZONE */;

/*!40101 SET SQL_MODE=@OLD_SQL_MODE */;
/*!40014 SET FOREIGN_KEY_CHECKS=@OLD_FOREIGN_KEY_CHECKS */;
/*!40014 SET UNIQUE_CHECKS=@OLD_UNIQUE_CHECKS */;
/*!40101 SET CHARACTER_SET_CLIENT=@OLD_CHARACTER_SET_CLIENT */;
/*!40101 SET CHARACTER_SET_RESULTS=@OLD_CHARACTER_SET_RESULTS */;
/*!40101 SET COLLATION_CONNECTION=@OLD_COLLATION_CONNECTION */;
/*!40111 SET SQL_NOTES=@OLD_SQL_NOTES */;

-- Dump completed on 2020-11-27 16:28:09
